{
  "bronze_survival_rate_lag1": {
    "n": 44,
    "mean": 0.0013631174035318313,
    "std": 1.0342538415442428,
    "median": -0.13647247866296772,
    "q1": -0.650677754436525,
    "q3": 0.7568129626559195,
    "IQR": 1.4074907170924444,
    "min": -3.9221905215314776,
    "max": 2.049807045445892
  },
  "raw_ingestion_duration_sec_lag1": {
    "n": 44,
    "mean": 0.004528416425990667,
    "std": 1.0334354387767333,
    "median": -0.2525369108050155,
    "q1": -0.28222513711437525,
    "q3": 0.01430835647070232,
    "IQR": 0.2965334935850776,
    "min": -0.3715296887311386,
    "max": 6.5852225856646
  },
  "bronze_duration_mean_lag1": {
    "n": 44,
    "mean": 0.005040184094652901,
    "std": 1.0333567099202061,
    "median": -0.24877277120249713,
    "q1": -0.590637602270697,
    "q3": 0.2986511268832182,
    "IQR": 0.8892887291539151,
    "min": -1.3341540176444269,
    "max": 4.609952194983329
  },
  "bronze_duration_std_lag1": {
    "n": 44,
    "mean": 0.004214819265713467,
    "std": 1.033328731622391,
    "median": -0.2187773051603364,
    "q1": -0.742125490449773,
    "q3": 0.5054231266839744,
    "IQR": 1.2475486171337473,
    "min": -1.8111518670691729,
    "max": 3.8952035809687158
  },
  "bronze_duration_mean": {
    "n": 44,
    "mean": -0.008258173945418189,
    "std": 1.0331811186785844,
    "median": -0.2667968258978848,
    "q1": -0.590637602270697,
    "q3": 0.2500672405324246,
    "IQR": 0.8407048428031215,
    "min": -1.3341540176444269,
    "max": 4.609952194983329
  },
  "bronze_start_after_end_rows_lag1": {
    "n": 44,
    "mean": 0.0037865804574934714,
    "std": 1.0331127662311244,
    "median": -0.2961947380083784,
    "q1": -0.7219746738954224,
    "q3": 0.5553651337657095,
    "IQR": 1.2773398076611318,
    "min": -1.1477546097824665,
    "max": 3.9616046208620617
  },
  "silver_vehicle_info_join_miss_rate": {
    "n": 44,
    "mean": 0.011265790282224691,
    "std": 1.0328068151730196,
    "median": 0.161438078854182,
    "q1": -0.634809653251615,
    "q3": 0.6538599576969493,
    "IQR": 1.2886696109485642,
    "min": -2.2098488663901734,
    "max": 1.8550506137347826
  },
  "raw_ingestion_duration_sec": {
    "n": 44,
    "mean": 0.012004164941051576,
    "std": 1.0326547265555037,
    "median": -0.24526075007492187,
    "q1": -0.28222513711437525,
    "q3": 0.024606235800400736,
    "IQR": 0.30683137291477597,
    "min": -0.3715296887311386,
    "max": 6.5852225856646
  },
  "raw_avg_speed_std": {
    "n": 44,
    "mean": 0.009597619949602211,
    "std": 1.032387210178923,
    "median": -0.12062397395971704,
    "q1": -0.8623909648276707,
    "q3": 0.7175447753154609,
    "IQR": 1.5799357401431315,
    "min": -1.569197729342753,
    "max": 2.069573932745196
  },
  "bronze_duration_std": {
    "n": 44,
    "mean": -0.011067538460462689,
    "std": 1.032381864017703,
    "median": -0.2389059199939182,
    "q1": -0.742125490449773,
    "q3": 0.5054231266839744,
    "IQR": 1.2475486171337473,
    "min": -1.8111518670691729,
    "max": 3.8952035809687158
  },
  "bronze_duplicate_rows_removed_lag1": {
    "n": 44,
    "mean": -0.012558827260758238,
    "std": 1.0323664401562953,
    "median": -0.09383429912272741,
    "q1": -0.6320404737926872,
    "q3": 0.2825524110700518,
    "IQR": 0.914592884862739,
    "min": -1.1595182861768671,
    "max": 5.531403659387883
  },
  "bronze_duplicate_rows_removed": {
    "n": 44,
    "mean": -0.012721378204482188,
    "std": 1.0323069225105452,
    "median": -0.09383429912272741,
    "q1": -0.6320404737926872,
    "q3": 0.2825524110700518,
    "IQR": 0.914592884862739,
    "min": -1.1595182861768671,
    "max": 5.531403659387883
  },
  "silver_ingestion_duration_sec_lag1": {
    "n": 44,
    "mean": 0.007969929291056811,
    "std": 1.0311558281648776,
    "median": -0.23285630097695115,
    "q1": -0.5096158131912141,
    "q3": 0.0989305552852696,
    "IQR": 0.6085463684764837,
    "min": -0.691633742681146,
    "max": 4.44219763416629
  },
  "silver_ingestion_duration_sec": {
    "n": 44,
    "mean": 0.01691956662841865,
    "std": 1.0306483653226437,
    "median": -0.2210252113540023,
    "q1": -0.5096158131912141,
    "q3": 0.10973166486488913,
    "IQR": 0.6193474780561032,
    "min": -0.691633742681146,
    "max": 4.44219763416629
  },
  "bronze_survival_rate": {
    "n": 44,
    "mean": 0.014601880251097243,
    "std": 1.0303311084572517,
    "median": -0.12741778603178977,
    "q1": -0.650677754436525,
    "q3": 0.7568129626559195,
    "IQR": 1.4074907170924444,
    "min": -3.9221905215314776,
    "max": 2.049807045445892
  },
  "raw_temporal_coverage_hours": {
    "n": 44,
    "mean": 0.021777751411535626,
    "std": 1.0288676067191793,
    "median": -0.4679983783525067,
    "q1": -0.5375486310034928,
    "q3": 0.27700541702630155,
    "IQR": 0.8145540480297944,
    "min": -1.3558621521481573,
    "max": 3.0294939602107385
  },
  "raw_temporal_coverage_hours_lag1": {
    "n": 44,
    "mean": 0.02218753985934596,
    "std": 1.028648193624715,
    "median": -0.4679983783525067,
    "q1": -0.5375486310034928,
    "q3": 0.27700541702630155,
    "IQR": 0.8145540480297944,
    "min": -1.3558621521481573,
    "max": 3.0294939602107385
  },
  "silver_ml_imputed_fuel_std_lag1": {
    "n": 44,
    "mean": -0.02221278280486032,
    "std": 1.0286447362144842,
    "median": 0.3665909084207096,
    "q1": -0.02800301985858893,
    "q3": 0.5494624251007678,
    "IQR": 0.5774654449593567,
    "min": -2.8997281153202357,
    "max": 1.1357346599656
  },
  "p95_idling_per_100km": {
    "n": 44,
    "mean": 0.02224236014087505,
    "std": 1.0286308624511018,
    "median": -0.2885192223355795,
    "q1": -0.7843264241464157,
    "q3": 0.6742955301950816,
    "IQR": 1.4586219543414973,
    "min": -1.437762064498664,
    "max": 2.225251982613242
  },
  "p50_idling_per_100km": {
    "n": 44,
    "mean": 0.02224236014087505,
    "std": 1.0286308624511018,
    "median": -0.2885192223355795,
    "q1": -0.7843264241464157,
    "q3": 0.6742955301950816,
    "IQR": 1.4586219543414973,
    "min": -1.437762064498664,
    "max": 2.225251982613242
  },
  "mean_idling_per_100km": {
    "n": 44,
    "mean": 0.02224236014087505,
    "std": 1.0286308624511018,
    "median": -0.2885192223355795,
    "q1": -0.7843264241464157,
    "q3": 0.6742955301950816,
    "IQR": 1.4586219543414973,
    "min": -1.437762064498664,
    "max": 2.225251982613242
  },
  "silver_ml_imputed_fuel_std": {
    "n": 44,
    "mean": -0.025948315530450437,
    "std": 1.02654759348048,
    "median": 0.3665909084207096,
    "q1": -0.02800301985858893,
    "q3": 0.5462109903960939,
    "IQR": 0.5742140102546828,
    "min": -2.8997281153202357,
    "max": 1.1357346599656
  }
}