{
  "bronze_correction_trips_removed": {
    "n": 110,
    "mean": -1.48870814665646e-17,
    "std": 1.004576682949891,
    "median": -0.15022650476575164,
    "q1": -0.2412097988633965,
    "q3": -0.1407083487477525,
    "IQR": 0.10050145011564399,
    "min": -0.28663638843467765,
    "max": 7.834671352788338
  },
  "bronze_distance_km_mean": {
    "n": 110,
    "mean": -1.2111523905001707e-17,
    "std": 1.0045766829498908,
    "median": -0.37721193538958786,
    "q1": -0.9096366587748272,
    "q3": 0.9126199666853303,
    "IQR": 1.8222566254601575,
    "min": -0.9739983058042292,
    "max": 3.4008135825500654
  },
  "bronze_distance_km_std": {
    "n": 110,
    "mean": -1.2111523905001707e-16,
    "std": 1.0045766829498908,
    "median": -0.26054751472455084,
    "q1": -1.0576420673699034,
    "q3": 0.8547062215571237,
    "IQR": 1.9123482889270271,
    "min": -1.0779539745421862,
    "max": 2.561268106239954
  },
  "bronze_duplicate_rows_removed": {
    "n": 110,
    "mean": 1.413011122250199e-17,
    "std": 1.004576682949891,
    "median": -0.14327487456036925,
    "q1": -0.14434135907179657,
    "q3": -0.1425799979665214,
    "IQR": 0.0017613611052751665,
    "min": -0.1452990802902738,
    "max": 9.44260211921694
  },
  "bronze_duration_mean": {
    "n": 110,
    "mean": -6.964126245375982e-16,
    "std": 1.0045766829498908,
    "median": -0.17930817706233285,
    "q1": -0.48197645907704445,
    "q3": 0.19428855500153727,
    "IQR": 0.6762650140785817,
    "min": -1.596432762072494,
    "max": 5.185733235236367
  },
  "bronze_duration_std": {
    "n": 110,
    "mean": -4.0169887618255664e-16,
    "std": 1.0045766829498908,
    "median": -0.021562544396833014,
    "q1": -0.46804274179383865,
    "q3": 0.5326727757255464,
    "IQR": 1.0007155175193851,
    "min": -3.9985756211863945,
    "max": 4.1204283962504435
  },
  "bronze_excessive_daily_events_units": {
    "n": 110,
    "mean": 7.266914343001025e-17,
    "std": 1.0045766829498908,
    "median": 0.2252055723085053,
    "q1": -0.8947513763558853,
    "q3": 0.8837488196669695,
    "IQR": 1.7785001960228548,
    "min": -2.087695485936579,
    "max": 1.8587481298253001
  },
  "bronze_idle_time_invalid_corrected": {
    "n": 110,
    "mean": 1.0092936587501423e-18,
    "std": 1.004576682949891,
    "median": -0.13059870642721594,
    "q1": -0.17257609890557918,
    "q3": -0.11818745601026831,
    "IQR": 0.05438864289531087,
    "min": -0.20289168518247383,
    "max": 9.714583104758772
  },
  "bronze_ingestion_duration_sec": {
    "n": 110,
    "mean": -1.816728585750256e-17,
    "std": 1.004576682949891,
    "median": -0.573845167241813,
    "q1": -0.7238205028971967,
    "q3": 0.7646785764700159,
    "IQR": 1.4884990793672126,
    "min": -1.055312424071462,
    "max": 3.7421540923947445
  },
  "bronze_invalid_avg_speed_rows": {
    "n": 110,
    "mean": 2.523234146875356e-18,
    "std": 1.0045766829498908,
    "median": 0.05495971657450599,
    "q1": -0.6870203472336402,
    "q3": 0.32903811874373573,
    "IQR": 1.016058465977376,
    "min": -1.2502890816029484,
    "max": 6.886123203717991
  },
  "bronze_mean_fuel_consumption_ecor": {
    "n": 110,
    "mean": 1.970645868709653e-15,
    "std": 1.0045766829498906,
    "median": 0.43569221292078864,
    "q1": -0.46731372101956836,
    "q3": 0.7319815865727972,
    "IQR": 1.1992953075923656,
    "min": -3.1409663485951445,
    "max": 1.1130722124103605
  },
  "bronze_mean_fuel_consumption_fms_high": {
    "n": 110,
    "mean": 4.68312257660066e-16,
    "std": 1.0045766829498908,
    "median": 0.06230414820600269,
    "q1": -0.4762496985289867,
    "q3": 0.5473896705312985,
    "IQR": 1.0236393690602852,
    "min": -2.8492700126560515,
    "max": 3.3388509064981124
  },
  "bronze_negative_fuel_events": {
    "n": 110,
    "mean": -4.314730391156858e-17,
    "std": 1.00457668294989,
    "median": -0.0957826285221151,
    "q1": -0.0957826285221151,
    "q3": -0.0957826285221151,
    "IQR": 0.0,
    "min": -0.0957826285221151,
    "max": 10.440306508910545
  },
  "bronze_null_primary_key_rows": {
    "n": 110,
    "mean": -3.229739708000455e-17,
    "std": 1.0045766829498906,
    "median": -0.2333381912581519,
    "q1": -0.2333381912581519,
    "q3": -0.2333381912581519,
    "IQR": 0.0,
    "min": -0.2333381912581519,
    "max": 5.851661194818771
  },
  "bronze_rows_dropped_by_rules": {
    "n": 110,
    "mean": 4.7436801961256686e-17,
    "std": 1.0045766829498908,
    "median": 0.02654729880348969,
    "q1": -0.6891754098952612,
    "q3": 0.28399315102581457,
    "IQR": 0.9731685609210757,
    "min": -1.2009382179791566,
    "max": 5.188543389697389
  },
  "bronze_start_after_end_rows": {
    "n": 110,
    "mean": -3.0278809762504268e-18,
    "std": 1.0045766829498908,
    "median": -0.17126552267991418,
    "q1": -0.17126903826483578,
    "q3": -0.17125849151007094,
    "IQR": 1.0546754764834132e-05,
    "min": -0.1712725538497574,
    "max": 7.88530903696553
  },
  "bronze_std_fuel_consumption_ecol": {
    "n": 110,
    "mean": 1.1223345485301583e-15,
    "std": 1.004576682949891,
    "median": -0.1854430869899581,
    "q1": -0.5149383591869151,
    "q3": 0.23517442731444232,
    "IQR": 0.7501127865013575,
    "min": -1.4661103621591114,
    "max": 6.194187681659694
  },
  "bronze_std_fuel_consumption_ecor": {
    "n": 110,
    "mean": 8.801040704301241e-16,
    "std": 1.0045766829498908,
    "median": 0.34552075963262785,
    "q1": -0.14308853304724023,
    "q3": 0.6064249165201672,
    "IQR": 0.7495134495674074,
    "min": -4.343094102163865,
    "max": 1.2442969648134516
  },
  "bronze_std_fuel_consumption_fms_high": {
    "n": 110,
    "mean": -4.457040797040629e-15,
    "std": 1.0045766829498908,
    "median": -0.09244606850205692,
    "q1": -0.6020458896533307,
    "q3": 0.42250029820938034,
    "IQR": 1.0245461878627111,
    "min": -1.9869109353662557,
    "max": 3.294125366367318
  },
  "bronze_survival_rate": {
    "n": 110,
    "mean": -2.62416351275037e-16,
    "std": 1.004576682949891,
    "median": 0.44117789000462626,
    "q1": 0.32899718599828154,
    "q3": 0.518365921263892,
    "IQR": 0.1893687352656105,
    "min": -3.952010397432467,
    "max": 0.6164356051216325
  },
  "p95_fuel_per_100km": {
    "n": 110,
    "mean": 2.5342102154142634e-15,
    "std": 1.0045766829498908,
    "median": 0.48485065553240203,
    "q1": -0.6669140325404312,
    "q3": 0.7203681645494726,
    "IQR": 1.3872821970899039,
    "min": -2.9104522207391783,
    "max": 1.5724700143532553
  },
  "p95_idling_per_100km": {
    "n": 110,
    "mean": -3.3599385899792236e-15,
    "std": 1.0045766829498908,
    "median": -0.041333562287356865,
    "q1": -0.3905336448071091,
    "q3": 0.350674723355367,
    "IQR": 0.7412083681624761,
    "min": -3.992955669670088,
    "max": 2.5778380695898195
  },
  "raw_avg_speed_mean": {
    "n": 110,
    "mean": 6.724419001422823e-17,
    "std": 1.0045766829498908,
    "median": -0.08513104262922128,
    "q1": -0.13084891677449073,
    "q3": -0.0589456468513197,
    "IQR": 0.07190326992317103,
    "min": -0.2585309390711528,
    "max": 10.409346303655134
  },
  "raw_avg_speed_std": {
    "n": 110,
    "mean": 7.51923775768856e-17,
    "std": 1.0045766829498908,
    "median": -0.17206858742203324,
    "q1": -0.5282363844736111,
    "q3": 0.29912310639745165,
    "IQR": 0.8273594908710628,
    "min": -0.9974839708034964,
    "max": 8.509347554165203
  },
  "raw_distance_std": {
    "n": 110,
    "mean": -1.0597583416876495e-16,
    "std": 1.0045766829498906,
    "median": -0.7017734241170777,
    "q1": -0.7870959155284274,
    "q3": 0.8179207326828344,
    "IQR": 1.6050166482112618,
    "min": -0.9107931224049618,
    "max": 2.6543003490772192
  },
  "raw_ingestion_duration_sec": {
    "n": 110,
    "mean": 3.078345659187934e-17,
    "std": 1.0045766829498908,
    "median": -0.27230140325852037,
    "q1": -0.39902824144235993,
    "q3": 0.1623487467351205,
    "IQR": 0.5613769881774804,
    "min": -0.5384890143888362,