{
  "bronze_distance_km_mean": {
    "n": 67,
    "mean": 3.164964144826939e-16,
    "std": 1.0075472768815938,
    "median": -1.3431374281721746e-05,
    "q1": -0.8761660520848726,
    "q3": 0.7228674988400238,
    "IQR": 1.5990335509248963,
    "min": -1.3837016884821074,
    "max": 3.1251792786676287
  },
  "bronze_distance_km_std": {
    "n": 67,
    "mean": -6.628197161941233e-18,
    "std": 1.0075472768815938,
    "median": -0.011272319008288645,
    "q1": -0.9448460478278666,
    "q3": 0.811584529376925,
    "IQR": 1.7564305772047917,
    "min": -1.618098860389249,
    "max": 2.5222496863759227
  },
  "bronze_duration_mean": {
    "n": 67,
    "mean": -2.6191735347733403e-16,
    "std": 1.0075472768815938,
    "median": -0.19360309513871093,
    "q1": -0.5306130168292654,
    "q3": 0.2862455168443025,
    "IQR": 0.8168585336735679,
    "min": -1.7085498846315175,
    "max": 5.315250782970174
  },
  "bronze_duration_std": {
    "n": 67,
    "mean": 7.993191514978506e-16,
    "std": 1.0075472768815936,
    "median": -0.05370248184446859,
    "q1": -0.5042571291651698,
    "q3": 0.4720568570550742,
    "IQR": 0.9763139862202441,
    "min": -3.8454401183208122,
    "max": 3.934855549876752
  },
  "bronze_excessive_daily_events_units": {
    "n": 67,
    "mean": -1.4913443614367776e-16,
    "std": 1.0075472768815938,
    "median": 0.4537659552617465,
    "q1": -1.0016902325709143,
    "q3": 0.8060108141657853,
    "IQR": 1.8077010467366996,
    "min": -1.9187615864569918,
    "max": 1.8166180879261826
  },
  "bronze_impossible_speed_events": {
    "n": 67,
    "mean": 6.628197161941232e-17,
    "std": 1.007547276881594,
    "median": -0.3949167629277478,
    "q1": -0.8800850758805758,
    "q3": 0.883087573630921,
    "IQR": 1.763172649511497,
    "min": -1.0029701082419862,
    "max": 3.1478132070767675
  },
  "bronze_ingestion_duration_sec": {
    "n": 67,
    "mean": 0.0,
    "std": 1.007547276881594,
    "median": -0.6011174405649061,
    "q1": -0.7430654164084736,
    "q3": 0.9351613363875526,
    "IQR": 1.6782267527960262,
    "min": -1.1555341957143457,
    "max": 1.8112877283930866
  },
  "bronze_survival_rate": {
    "n": 67,
    "mean": 8.692466315563306e-15,
    "std": 1.0075472768815938,
    "median": -0.017243526719116137,
    "q1": -0.5283942234210407,
    "q3": 0.652353797870221,
    "IQR": 1.1807480212912616,
    "min": -4.298094044505174,
    "max": 1.9892103953621632
  },
  "mean_fuel_per_100km": {
    "n": 67,
    "mean": 7.390439835564475e-16,
    "std": 1.0075472768815938,
    "median": 0.5019521696647219,
    "q1": -0.6821767075868999,
    "q3": 0.7123910317654412,
    "IQR": 1.394567739352341,
    "min": -2.952590312512723,
    "max": 1.077626332736746
  },
  "mean_idling_per_100km": {
    "n": 67,
    "mean": -1.4640030481437698e-15,
    "std": 1.0075472768815938,
    "median": -0.3981237190709288,
    "q1": -0.6502035734092084,
    "q3": 0.33553662455279537,
    "IQR": 0.9857401979620037,
    "min": -1.4351608948386245,
    "max": 2.7279977179114874
  },
  "raw_avg_speed_mean": {
    "n": 67,
    "mean": 8.557002536066132e-15,
    "std": 1.0075472768815938,
    "median": 0.30750478249359897,
    "q1": -0.6107635165847802,
    "q3": 0.636886928351463,
    "IQR": 1.247650444936243,
    "min": -2.3622822524116986,
    "max": 1.7171650031795904
  },
  "raw_avg_speed_std": {
    "n": 67,
    "mean": -2.3198690066794314e-16,
    "std": 1.007547276881594,
    "median": -0.1746366350801258,
    "q1": -0.8475966908152284,
    "q3": 0.6277315809934926,
    "IQR": 1.475328271808721,
    "min": -1.5416141268492414,
    "max": 2.960248432351456
  },
  "raw_distance_mean": {
    "n": 67,
    "mean": -1.4219554223977053e-16,
    "std": 1.007547276881594,
    "median": -0.037823750844093354,
    "q1": -0.9174510338091069,
    "q3": 0.15642785249149294,
    "IQR": 1.0738788863005997,
    "min": -1.021902140126891,
    "max": 3.177098796128703
  },
  "raw_distance_std": {
    "n": 67,
    "mean": -9.19662356219346e-17,
    "std": 1.007547276881594,
    "median": 0.26066028580437484,
    "q1": -1.1634384260868482,
    "q3": 0.47162843233581575,
    "IQR": 1.635066858422664,
    "min": -1.380038336817823,
    "max": 2.1735784144074097
  },
  "raw_ingestion_duration_sec": {
    "n": 67,
    "mean": 9.113771097669196e-17,
    "std": 1.0075472768815938,
    "median": -0.26950288487164165,
    "q1": -0.3338734847117391,
    "q3": 0.11433305233838245,
    "IQR": 0.4482065370501216,
    "min": -0.44819257314364574,
    "max": 7.800099899754026
  },
  "raw_max_trip_end_ts": {
    "n": 67,
    "mean": 3.9769182971647396e-17,
    "std": 1.0075472768815938,
    "median": 0.0,
    "q1": -0.8531946884917816,
    "q3": 0.8531946884917816,
    "IQR": 1.7063893769835632,
    "min": -1.7063893769835632,
    "max": 1.7063893769835632
  },
  "raw_min_trip_start_ts": {
    "n": 67,
    "mean": -7.448436560731461e-16,
    "std": 1.0075472768815936,
    "median": -0.12220112789272512,
    "q1": -0.14145708724852757,
    "q3": -0.10323882499992615,
    "IQR": 0.03821826224860142,
    "min": -0.16051269459976908,
    "max": 8.12203879926039
  },
  "silver_avg_speed_imputed": {
    "n": 67,
    "mean": -2.1044525989163414e-16,
    "std": 1.007547276881594,
    "median": 0.5723483022936398,
    "q1": -1.0119051664701109,
    "q3": 0.8358010871725206,
    "IQR": 1.8477062536426314,
    "min": -1.7835344465580507,
    "max": 1.0520732140712985
  },
  "silver_ingestion_duration_sec": {
    "n": 67,
    "mean": -2.6512788647764932e-17,
    "std": 1.007547276881594,
    "median": -0.3097823411338235,
    "q1": -0.652614440805348,
    "q3": 0.27742424896452733,
    "IQR": 0.9300386897698754,
    "min": -0.8626047793833085,
    "max": 4.581853523255709
  },
  "silver_ml_imputed_fuel_mean": {
    "n": 67,
    "mean": -1.4664886220794978e-15,
    "std": 1.007547276881594,
    "median": 0.36910286318689534,
    "q1": -0.1753039357452393,
    "q3": 0.7323749925303286,
    "IQR": 0.9076789282755678,
    "min": -2.728379710570489,
    "max": 0.9280397421253842
  },
  "silver_ml_imputed_fuel_std": {
    "n": 67,
    "mean": -3.811213368116209e-17,
    "std": 1.0075472768815938,
    "median": 0.32528753629700097,
    "q1": 0.06690936868822714,
    "q3": 0.49132603583344964,
    "IQR": 0.4244166671452225,
    "min": -3.021093454133932,
    "max": 1.2426272266971736
  },
  "silver_ml_percentage_error_mean": {
    "n": 67,
    "mean": 2.535285414442522e-16,
    "std": 1.007547276881594,
    "median": 0.4985889877617893,
    "q1": -0.3860281118800704,
    "q3": 0.6953523667260724,
    "IQR": 1.0813804786061427,
    "min": -2.309446437189133,
    "max": 0.955850768833563
  },
  "silver_ml_prediction_mean": {
    "n": 67,
    "mean": 5.799672516698579e-16,
    "std": 1.0075472768815938,
    "median": 0.16244696499556535,
    "q1": -0.5658888138212343,
    "q3": 0.9073088840872969,
    "IQR": 1.4731976979085313,
    "min": -2.8380593854281333,
    "max": 1.042747391071527
  },
  "silver_ml_prediction_std": {
    "n": 67,
    "mean": 6.793902090989764e-16,
    "std": 1.007547276881594,
    "median": 0.22143769542673486,
    "q1": -0.23432074057342633,
    "q3": 0.7275971399698569,
    "IQR": 0.9619178805432832,
    "min": -3.2098603533605754,
    "max": 1.0641883263698986
  },
  "silver_ml_residual_std": {
    "n": 67,
    "mean": 5.625682341197622e-16,
    "std": 1.0075472768815938,
    "median": 0.3665754095291501,
    "q1": -0.795034237655436,
    "q3": 0.8146380864110812,
    "IQR": 1.6096723240665172,
    "min": -3.7213740569880556,
    "max": 1.4820438747174682
  },
  "silver_vehicle_info_join_miss_rate": {
    "n": 67,
    "mean": -2.386150978298844e-16,
    "std": 1.0075472768815938,
    "median": -0.06716294628721209,
    "q1": -0.6315137491428313,
    "q3": 0.7473980863978384,
    "IQR": 1.3789118355406698,
    "min": -2.0958995401826654,
    "max": 3.0166029984209484
  }
}