{
  "bronze_correction_trips_removed": {
    "n": 107,
    "mean": 2.0751832235984233e-18,
    "std": 1.0047059083453977,
    "median": -0.1516386791861447,
    "q1": -0.24151685314515683,
    "q3": -0.14305022646646326,
    "IQR": 0.09846662667869358,
    "min": -0.2861618595453473,
    "max": 7.725334009101331
  },
  "bronze_distance_km_mean": {
    "n": 107,
    "mean": 1.4526282565188963e-16,
    "std": 1.004705908345398,
    "median": -0.4001137657224891,
    "q1": -0.9260832786484776,
    "q3": 0.9096650711035934,
    "IQR": 1.835748349752071,
    "min": -0.9989313963411204,
    "max": 3.3699772645290516
  },
  "bronze_duplicate_rows_removed": {
    "n": 107,
    "mean": 3.8909685442470436e-18,
    "std": 1.004705908345398,
    "median": -0.14529425492038617,
    "q1": -0.1463255304968605,
    "q3": -0.1446534333916521,
    "IQR": 0.0016720971052084088,
    "min": -0.14727931137683678,
    "max": 9.311657770742396
  },
  "bronze_duration_mean": {
    "n": 107,
    "mean": -2.8014973518578713e-17,
    "std": 1.0047059083453977,
    "median": -0.1872085450552316,
    "q1": -0.47844359855703333,
    "q3": 0.18995596873985404,
    "IQR": 0.6683995672968874,
    "min": -1.5907123397045375,
    "max": 5.116247398334623
  },
  "bronze_excessive_daily_events_units": {
    "n": 107,
    "mean": 8.715769539113378e-17,
    "std": 1.0047059083453977,
    "median": 0.1925598426082112,
    "q1": -0.894445719953874,
    "q3": 0.8862626040369108,
    "IQR": 1.7807083239907848,
    "min": -2.0593288347446843,
    "max": 1.8425904804543278
  },
  "bronze_idle_time_invalid_corrected": {
    "n": 107,
    "mean": -1.6342067885837583e-17,
    "std": 1.004705908345398,
    "median": -0.13271644302128174,
    "q1": -0.17366256477203235,
    "q3": -0.1205518996698072,
    "IQR": 0.053110665102225146,
    "min": -0.20319462604842517,
    "max": 9.579797726647326
  },
  "bronze_ingestion_duration_sec": {
    "n": 107,
    "mean": -2.946760177509761e-16,
    "std": 1.004705908345398,
    "median": -0.6033033122181013,
    "q1": -0.7660277105970367,
    "q3": 1.0037644744121839,
    "IQR": 1.7697921850092206,
    "min": -1.1574420660132636,
    "max": 1.995815683780021
  },
  "bronze_invalid_avg_speed_rows": {
    "n": 107,
    "mean": -7.470659604954324e-17,
    "std": 1.004705908345398,
    "median": 0.060542177835539696,
    "q1": -0.6921782116371746,
    "q3": 0.33013911856508277,
    "IQR": 1.0223173302022575,
    "min": -1.2325279649309087,
    "max": 6.794210048004188
  },
  "bronze_negative_fuel_events": {
    "n": 107,
    "mean": 2.1789423847783445e-17,
    "std": 1.004705908345398,
    "median": -0.0971285862357264,
    "q1": -0.0971285862357264,
    "q3": -0.0971285862357264,
    "IQR": 0.0,
    "min": -0.0971285862357264,
    "max": 10.295630140986999
  },
  "bronze_null_primary_key_rows": {
    "n": 107,
    "mean": 1.6601465788787386e-17,
    "std": 1.004705908345398,
    "median": -0.18674468208153366,
    "q1": -0.18674468208153366,
    "q3": -0.18674468208153366,
    "IQR": 0.0,
    "min": -0.18674468208153366,
    "max": 6.388684357290222
  },
  "bronze_rows_dropped_by_rules": {
    "n": 107,
    "mean": 5.706753864895664e-18,
    "std": 1.004705908345398,
    "median": 0.025427092273530724,
    "q1": -0.6986606065582243,
    "q3": 0.28733720356940745,
    "IQR": 0.9859978101276317,
    "min": -1.186573219310049,
    "max": 5.117088766483619
  },
  "bronze_start_after_end_rows": {
    "n": 107,
    "mean": -1.7639057400586598e-17,
    "std": 1.004705908345398,
    "median": -0.17372119197295083,
    "q1": -0.1737246607132431,
    "q3": -0.17371425449236627,
    "IQR": 1.0406220876835182e-05,
    "min": -0.17372812945353538,
    "max": 7.775500748599925
  },
  "bronze_survival_rate": {
    "n": 107,
    "mean": 6.308556999739207e-16,
    "std": 1.004705908345398,
    "median": 0.4297325194413627,
    "q1": 0.34905038897680774,
    "q3": 0.5055934849435302,
    "IQR": 0.15654309596672245,
    "min": -3.946023877830476,
    "max": 0.5970197610300843
  },
  "p95_fuel_per_100km": {
    "n": 107,
    "mean": 3.909904591162379e-15,
    "std": 1.004705908345398,
    "median": 0.5089342443670519,
    "q1": -0.6920154894167281,
    "q3": 0.734565074764772,
    "IQR": 1.4265805641815001,
    "min": -2.8661005347782917,
    "max": 1.5664659478699932
  },
  "p95_idling_per_100km": {
    "n": 107,
    "mean": -1.0326630516431655e-15,
    "std": 1.0047059083453977,
    "median": -0.053139857786889746,
    "q1": -0.3531374286792655,
    "q3": 0.334866933243,
    "IQR": 0.6880043619222656,
    "min": -3.983827911148333,
    "max": 2.5404929757392485
  },
  "raw_avg_speed_mean": {
    "n": 107,
    "mean": -2.744429813208915e-16,
    "std": 1.0047059083453982,
    "median": -0.08582756703568462,
    "q1": -0.13749428441318023,
    "q3": -0.061330173809249225,
    "IQR": 0.07616411060393101,
    "min": -0.25614919122464797,
    "max": 10.265516652911662
  },
  "raw_distance_mean": {
    "n": 107,
    "mean": 7.15938212141456e-17,
    "std": 1.004705908345398,
    "median": -0.6192706156292469,
    "q1": -0.6806290205678016,
    "q3": 0.4105644428415771,
    "IQR": 1.0911934634093787,
    "min": -0.7204537056742571,
    "max": 3.823160933432444
  },
  "raw_ingestion_duration_sec": {
    "n": 107,
    "mean": 9.338324506192905e-17,
    "std": 1.004705908345398,
    "median": -0.25872294449037003,
    "q1": -0.3669593228601996,
    "q3": 0.17577374732113138,
    "IQR": 0.542733070181331,
    "min": -0.5073863298476696,
    "max": 9.624631346414867
  },
  "raw_max_trip_end_ts": {
    "n": 107,
    "mean": -6.68624034643412e-15,
    "std": 1.004705908345398,
    "median": -0.0014867973246995786,
    "q1": -0.848643263663537,
    "q3": 0.8577002007953352,
    "IQR": 1.7063434644588722,
    "min": -1.719860793564769,
    "max": 1.7168871989153698
  },
  "raw_min_trip_start_ts": {
    "n": 107,
    "mean": -2.9097959763394145e-16,
    "std": 1.0047059083453977,
    "median": -0.06287057805227324,
    "q1": -0.09892077156229137,
    "q3": -0.02506643573347954,
    "IQR": 0.07385433582881183,
    "min": -3.24793483590612,
    "max": 9.790493365408722
  },
  "raw_null_count_avg_speed": {
    "n": 107,
    "mean": 4.020667495721945e-18,
    "std": 1.004705908345398,
    "median": -0.06805219151593066,
    "q1": -0.356713347612149,
    "q3": -0.031740626266461056,
    "IQR": 0.32497272134568794,
    "min": -0.4542388443082607,
    "max": 6.512782241922148
  },
  "raw_null_count_distance": {
    "n": 107,
    "mean": -8.352612474983655e-17,
    "std": 1.004705908345398,
    "median": 0.464910241381822,
    "q1": -0.911805542402651,
    "q3": 0.7826157273332859,
    "IQR": 1.6944212697359369,
    "min": -1.9754532642564506,
    "max": 1.3323122444023277
  },
  "raw_null_count_fuel_consumption_fms_low": {
    "n": 107,
    "mean": -5.1879580589960586e-17,
    "std": 1.004705908345398,
    "median": 0.6065248976882082,
    "q1": -1.044547682456464,
    "q3": 0.7629365362047003,
    "IQR": 1.8074842186611642,
    "min": -1.8589804472010727,
    "max": 1.8319605402626657
  },
  "raw_null_count_gps_coverage": {
    "n": 107,
    "mean": 3.877998649099554e-17,
    "std": 1.0047059083453977,
    "median": 0.019535450921511148,
    "q1": -0.3690834020758505,
    "q3": 0.059125104364215475,
    "IQR": 0.428208506440066,
    "min": -0.5233227937012734,
    "max": 9.410762924280549
  },
  "raw_null_count_idle_time": {
    "n": 107,
    "mean": 2.8014973518578713e-17,
    "std": 1.004705908345398,
    "median": -0.08326110966489492,
    "q1": -0.2629298821827465,
    "q3": -0.06217410029083205,
    "IQR": 0.20075578189191445,
    "min": -0.35435128382056585,
    "max": 8.206122790524857
  },
  "raw_null_count_max_speed": {
    "n": 107,
    "mean": 3.294353367462497e-17,
    "std": 1.004705908345398,
    "median": -0.07871007422355479,
    "q1": -0.18623637593488995,
    "q3": -0.06692630224443727,
    "IQR": 0.11931007369045268,
    "min": -0.22454228124059145,
    "max": 10.03392046607432
  },