{
  "raw_min_trip_start_ts": {
    "n": 110,
    "mean": -1.0373488684207127e-15,
    "std": 1.0045766829498912,
    "median": -0.06232736381197143,
    "q1": -0.10038830681821267,
    "q3": -0.022740955184007233,
    "IQR": 0.07764735163420544,
    "min": -3.288498255481754,
    "max": 9.92803639993228
  },
  "silver_ml_imputed_fuel_std": {
    "n": 110,
    "mean": 2.9319980786691636e-16,
    "std": 1.004576682949891,
    "median": 0.29054143187634357,
    "q1": 0.051063512126369566,
    "q3": 0.46236558669761824,
    "IQR": 0.4113020745712487,
    "min": -3.1393964974482595,
    "max": 1.517036964989916
  },
  "bronze_idle_time_invalid_corrected": {
    "n": 110,
    "mean": 1.0092936587501423e-18,
    "std": 1.004576682949891,
    "median": -0.13059870642721594,
    "q1": -0.17257609890557918,
    "q3": -0.11818745601026831,
    "IQR": 0.05438864289531087,
    "min": -0.20289168518247383,
    "max": 9.714583104758772
  },
  "bronze_ingestion_duration_sec": {
    "n": 110,
    "mean": -1.816728585750256e-17,
    "std": 1.004576682949891,
    "median": -0.573845167241813,
    "q1": -0.7238205028971967,
    "q3": 0.7646785764700159,
    "IQR": 1.4884990793672126,
    "min": -1.055312424071462,
    "max": 3.7421540923947445
  },
  "raw_null_count_avg_speed": {
    "n": 110,
    "mean": -3.305436732406716e-17,
    "std": 1.004576682949891,
    "median": -0.06685354295496909,
    "q1": -0.3620284779362042,
    "q3": -0.026451073546474663,
    "IQR": 0.3355774043897295,
    "min": -0.46110843758310505,
    "max": 6.60285675262726
  },
  "bronze_std_fuel_consumption_ecol": {
    "n": 110,
    "mean": 1.1223345485301583e-15,
    "std": 1.004576682949891,
    "median": -0.1854430869899581,
    "q1": -0.5149383591869151,
    "q3": 0.23517442731444232,
    "IQR": 0.7501127865013575,
    "min": -1.4661103621591114,
    "max": 6.194187681659694
  },
  "bronze_mean_fuel_consumption_ecol": {
    "n": 110,
    "mean": 7.314224983254937e-16,
    "std": 1.004576682949891,
    "median": 0.16181472894793963,
    "q1": -0.6028789474144989,
    "q3": 0.6076396817761022,
    "IQR": 1.210518629190601,
    "min": -3.022373461422018,
    "max": 2.1858655285913824
  },
  "silver_fuel_ecol_available": {
    "n": 110,
    "mean": -1.1505947709751622e-16,
    "std": 1.004576682949891,
    "median": 0.4251159299580276,
    "q1": -1.1939317517527994,
    "q3": 0.8225018177463169,
    "IQR": 2.0164335694991165,
    "min": -1.7380887647633068,
    "max": 1.2616568326289515
  },
  "bronze_correction_trips_removed": {
    "n": 110,
    "mean": -1.48870814665646e-17,
    "std": 1.004576682949891,
    "median": -0.15022650476575164,
    "q1": -0.2412097988633965,
    "q3": -0.1407083487477525,
    "IQR": 0.10050145011564399,
    "min": -0.28663638843467765,
    "max": 7.834671352788338
  },
  "raw_std_fuel_consumption_ecor": {
    "n": 110,
    "mean": 1.554312234475219e-16,
    "std": 1.004576682949891,
    "median": -0.13902674793801706,
    "q1": -1.031822389992449,
    "q3": 0.6993839308185998,
    "IQR": 1.7312063208110489,
    "min": -1.0713323942494644,
    "max": 2.837240000353072
  },
  "silver_ml_imputed_fuel_mean": {
    "n": 110,
    "mean": -6.954033308788481e-16,
    "std": 1.004576682949891,
    "median": 0.3539129556753114,
    "q1": -0.17882068628063225,
    "q3": 0.7040396257713607,
    "IQR": 0.8828603120519929,
    "min": -2.827675144476913,
    "max": 1.5340087744959248
  },
  "silver_vehicle_type_nulls": {
    "n": 110,
    "mean": -1.2868494149064314e-17,
    "std": 1.004576682949891,
    "median": 0.2783134882879057,
    "q1": -0.9630511725743052,
    "q3": 0.9219878609551616,
    "IQR": 1.8850390335294667,
    "min": -1.7827268246517034,
    "max": 1.6111603074458243
  },
  "silver_ml_prediction_mean": {
    "n": 110,
    "mean": -1.5053614920258372e-15,
    "std": 1.004576682949891,
    "median": 0.28626606977636193,
    "q1": -0.5700557574603515,
    "q3": 0.8499856030158167,
    "IQR": 1.4200413604761684,
    "min": -2.9595648764195226,
    "max": 2.332863450678779
  },
  "bronze_survival_rate": {
    "n": 110,
    "mean": -2.62416351275037e-16,
    "std": 1.004576682949891,
    "median": 0.44117789000462626,
    "q1": 0.32899718599828154,
    "q3": 0.518365921263892,
    "IQR": 0.1893687352656105,
    "min": -3.952010397432467,
    "max": 0.6164356051216325
  },
  "raw_mean_fuel_consumption_ecor": {
    "n": 110,
    "mean": -2.881533395731656e-16,
    "std": 1.004576682949891,
    "median": -0.44649281279303465,
    "q1": -0.6941579057548479,
    "q3": 0.36663696644180754,
    "IQR": 1.0607948721966554,
    "min": -0.9689859398185947,
    "max": 4.119538125772487
  },
  "bronze_distance_km_std": {
    "n": 110,
    "mean": -1.2111523905001707e-16,
    "std": 1.0045766829498908,
    "median": -0.26054751472455084,
    "q1": -1.0576420673699034,
    "q3": 0.8547062215571237,
    "IQR": 1.9123482889270271,
    "min": -1.0779539745421862,
    "max": 2.561268106239954
  },
  "bronze_distance_km_mean": {
    "n": 110,
    "mean": -1.2111523905001707e-17,
    "std": 1.0045766829498908,
    "median": -0.37721193538958786,
    "q1": -0.9096366587748272,
    "q3": 0.9126199666853303,
    "IQR": 1.8222566254601575,
    "min": -0.9739983058042292,
    "max": 3.4008135825500654
  },
  "silver_avg_speed_imputed": {
    "n": 110,
    "mean": 2.8764869274379056e-17,
    "std": 1.0045766829498908,
    "median": -0.05572296291151423,
    "q1": -0.4966672404891669,
    "q3": 0.10181927629432161,
    "IQR": 0.5984865167834885,
    "min": -0.7749731266608156,
    "max": 7.685623771031636
  },
  "bronze_excessive_daily_events_units": {
    "n": 110,
    "mean": 7.266914343001025e-17,
    "std": 1.0045766829498908,
    "median": 0.2252055723085053,
    "q1": -0.8947513763558853,
    "q3": 0.8837488196669695,
    "IQR": 1.7785001960228548,
    "min": -2.087695485936579,
    "max": 1.8587481298253001
  },
  "bronze_duration_mean": {
    "n": 110,
    "mean": -6.964126245375982e-16,
    "std": 1.0045766829498908,
    "median": -0.17930817706233285,
    "q1": -0.48197645907704445,
    "q3": 0.19428855500153727,
    "IQR": 0.6762650140785817,
    "min": -1.596432762072494,
    "max": 5.185733235236367
  },
  "bronze_duration_std": {
    "n": 110,
    "mean": -4.0169887618255664e-16,
    "std": 1.0045766829498908,
    "median": -0.021562544396833014,
    "q1": -0.46804274179383865,
    "q3": 0.5326727757255464,
    "IQR": 1.0007155175193851,
    "min": -3.9985756211863945,
    "max": 4.1204283962504435
  },
  "bronze_std_fuel_consumption_ecor": {
    "n": 110,
    "mean": 8.801040704301241e-16,
    "std": 1.0045766829498908,
    "median": 0.34552075963262785,
    "q1": -0.14308853304724023,
    "q3": 0.6064249165201672,
    "IQR": 0.7495134495674074,
    "min": -4.343094102163865,
    "max": 1.2442969648134516
  },
  "raw_avg_speed_mean": {
    "n": 110,
    "mean": 6.724419001422823e-17,
    "std": 1.0045766829498908,
    "median": -0.08513104262922128,
    "q1": -0.13084891677449073,
    "q3": -0.0589456468513197,
    "IQR": 0.07190326992317103,
    "min": -0.2585309390711528,
    "max": 10.409346303655134
  },
  "mean_fuel_per_100km": {
    "n": 110,
    "mean": 2.5342102154142634e-15,
    "std": 1.0045766829498908,
    "median": 0.48485065553240203,
    "q1": -0.6669140325404312,
    "q3": 0.7203681645494726,
    "IQR": 1.3872821970899039,
    "min": -2.9104522207391783,
    "max": 1.5724700143532553
  },
  "bronze_mean_fuel_consumption_fms_high": {
    "n": 110,
    "mean": 4.68312257660066e-16,
    "std": 1.0045766829498908,
    "median": 0.06230414820600269,
    "q1": -0.4762496985289867,
    "q3": 0.5473896705312985,
    "IQR": 1.0236393690602852,
    "min": -2.8492700126560515,
    "max": 3.3388509064981124
  },
  "silver_ml_residual_std": {
    "n": 110,
    "mean": 1.0658141036401502e-15,
    "std": 1.0045766829498908,
    "median": 0.41421181817586417,
    "q1": -0.776640436016845,
    "q3": 0.8246096452739605,
    "IQR": 1.6012500812908055,