{
  "bronze_correction_trips_removed": {
    "n": 109,
    "mean": -1.2222638803212733e-17,
    "std": 1.004618962223618,
    "median": -0.1509345662534659,
    "q1": -0.24155100168389362,
    "q3": -0.14145053573577637,
    "IQR": 0.10010046594811725,
    "min": -0.28677395494770364,
    "max": 7.798421090618205
  },
  "bronze_distance_km_mean": {
    "n": 109,
    "mean": -2.648238407362759e-17,
    "std": 1.0046189622236181,
    "median": -0.36769366442926565,
    "q1": -0.901774087565236,
    "q3": 0.9249225747273789,
    "IQR": 1.826696662292615,
    "min": -0.9659824703293062,
    "max": 3.435945635642403
  },
  "bronze_distance_km_std": {
    "n": 109,
    "mean": -1.83339582048191e-17,
    "std": 1.004618962223618,
    "median": -0.24938948414259035,
    "q1": -1.0513523131820288,
    "q3": 0.846711625749743,
    "IQR": 1.898063938931772,
    "min": -1.071822111666339,
    "max": 2.599821208661697
  },
  "bronze_duplicate_rows_removed": {
    "n": 109,
    "mean": -1.1204085569611672e-17,
    "std": 1.0046189622236181,
    "median": -0.14394017813015916,
    "q1": -0.14502295918347444,
    "q3": -0.14324238589580043,
    "IQR": 0.0017805732876740032,
    "min": -0.14596738487997718,
    "max": 9.39916266616455
  },
  "bronze_duration_mean": {
    "n": 109,
    "mean": -9.515833584917912e-16,
    "std": 1.0046189622236181,
    "median": -0.1746758297242803,
    "q1": -0.4852473502845246,
    "q3": 0.1953597164979824,
    "IQR": 0.680607066782507,
    "min": -1.58629784510627,
    "max": 5.176696067003192
  },
  "bronze_duration_std": {
    "n": 109,
    "mean": 2.0625702980421486e-17,
    "std": 1.004618962223618,
    "median": -0.02252529606832205,
    "q1": -0.4690167395811505,
    "q3": 0.5389612355865241,
    "IQR": 1.0079779751676745,
    "min": -3.9927390593332026,
    "max": 4.135047112889874
  },
  "bronze_excessive_daily_events_units": {
    "n": 109,
    "mean": -1.100037492289146e-16,
    "std": 1.0046189622236181,
    "median": 0.24939828128132824,
    "q1": -0.8899961100182704,
    "q3": 0.8751418275020275,
    "IQR": 1.765137937520298,
    "min": -2.106481075474777,
    "max": 1.8528392763499493
  },
  "bronze_idle_time_invalid_corrected": {
    "n": 109,
    "mean": -2.6737022382027852e-17,
    "std": 1.004618962223618,
    "median": -0.13072365185264886,
    "q1": -0.173422432172856,
    "q3": -0.119090862615293,
    "IQR": 0.05433156955756299,
    "min": -0.2035275028619509,
    "max": 9.67004259244228
  },
  "bronze_ingestion_duration_sec": {
    "n": 109,
    "mean": 1.83339582048191e-17,
    "std": 1.0046189622236181,
    "median": -0.5717830114285068,
    "q1": -0.7243066849962723,
    "q3": 0.7613982106158871,
    "IQR": 1.4857048956121592,
    "min": -1.0596895975063538,
    "max": 3.7274883157041594
  },
  "bronze_invalid_avg_speed_rows": {
    "n": 109,
    "mean": -4.125140596084297e-17,
    "std": 1.0046189622236181,
    "median": 0.05673542138019913,
    "q1": -0.6991212408262415,
    "q3": 0.32636557300739744,
    "IQR": 1.025486813833639,
    "min": -1.2488991570485064,
    "max": 6.855832639832101
  },
  "bronze_negative_fuel_events": {
    "n": 109,
    "mean": 1.604221342921671e-17,
    "std": 1.0046189622236175,
    "median": -0.09622504486493763,
    "q1": -0.09622504486493763,
    "q3": -0.09622504486493763,
    "IQR": 0.0,
    "min": -0.09622504486493763,
    "max": 10.392304845413262
  },
  "bronze_null_primary_key_rows": {
    "n": 109,
    "mean": -3.106587362483236e-17,
    "std": 1.0046189622236181,
    "median": -0.2155165206150968,
    "q1": -0.2155165206150968,
    "q3": -0.2155165206150968,
    "IQR": 0.0,
    "min": -0.2155165206150968,
    "max": 7.056443675166471
  },
  "bronze_rows_dropped_by_rules": {
    "n": 109,
    "mean": 4.83812785960504e-17,
    "std": 1.004618962223618,
    "median": 0.02380942963251418,
    "q1": -0.7059430365340823,
    "q3": 0.28321477846026705,
    "IQR": 0.9891578149943494,
    "min": -1.1999890929667163,
    "max": 5.1650358591306125
  },
  "bronze_start_after_end_rows": {
    "n": 109,
    "mean": -1.2477277111612999e-17,
    "std": 1.0046189622236181,
    "median": -0.1720725045743686,
    "q1": -0.17207600461383638,
    "q3": -0.1720655044954331,
    "IQR": 1.0500118403283798e-05,
    "min": -0.17207950465330413,
    "max": 7.848876942663945
  },
  "bronze_survival_rate": {
    "n": 109,
    "mean": -5.912701521054159e-16,
    "std": 1.0046189622236181,
    "median": 0.4287750171742849,
    "q1": 0.3395603406924815,
    "q3": 0.5084868958220812,
    "IQR": 0.1689265551295997,
    "min": -4.069237959815052,
    "max": 0.6081992903682591
  },
  "mean_fuel_consumption_ecol": {
    "n": 109,
    "mean": -4.825905220801827e-15,
    "std": 1.0046189622236181,
    "median": 0.17698416947913206,
    "q1": -0.5095575878166823,
    "q3": 0.6652540630740637,
    "IQR": 1.1748116508907458,
    "min": -2.714458093005294,
    "max": 1.8450457218701686
  },
  "mean_fuel_consumption_ecor": {
    "n": 109,
    "mean": -2.1389617905622282e-16,
    "std": 1.004618962223618,
    "median": -0.444883505292216,
    "q1": -0.6882393109678383,
    "q3": 0.35094748587990254,
    "IQR": 1.0391867968477408,
    "min": -0.9617816400015813,
    "max": 4.106787906615633
  },
  "mean_fuel_consumption_fms_high": {
    "n": 109,
    "mean": 5.444167033597672e-16,
    "std": 1.004618962223618,
    "median": 0.10316059326798417,
    "q1": -0.45189906315640754,
    "q3": 0.6024826798301967,
    "IQR": 1.0543817429866043,
    "min": -2.976301292979858,
    "max": 3.26949863800457
  },
  "p95_fuel_per_100km": {
    "n": 109,
    "mean": 8.84104206765721e-16,
    "std": 1.004618962223618,
    "median": 0.48520941266171086,
    "q1": -0.6683755548499933,
    "q3": 0.7185827652767404,
    "IQR": 1.3869583201267337,
    "min": -2.89650800265532,
    "max": 1.566140943964148
  },
  "p95_idling_per_100km": {
    "n": 109,
    "mean": -3.9985216972322656e-15,
    "std": 1.0046189622236181,
    "median": -0.04062981055053953,
    "q1": -0.3895023363305926,
    "q3": 0.3558056194798453,
    "IQR": 0.7453079558104378,
    "min": -3.9736222557808767,
    "max": 2.569260629118654
  },
  "raw_avg_speed_mean": {
    "n": 109,
    "mean": 1.0007285520130425e-16,
    "std": 1.0046189622236186,
    "median": -0.08553323808031904,
    "q1": -0.13182954532635563,
    "q3": -0.059593398634237245,
    "IQR": 0.07223614669211839,
    "min": -0.2578747101999523,
    "max": 10.361558067340948
  },
  "raw_avg_speed_std": {
    "n": 109,
    "mean": -3.116772894819247e-16,
    "std": 1.004618962223618,
    "median": -0.17347446704069125,
    "q1": -0.5301823606417908,
    "q3": 0.295503270851893,
    "IQR": 0.8256856314936838,
    "min": -0.9963751984543545,
    "max": 8.471697601362525
  },
  "raw_distance_std": {
    "n": 109,
    "mean": -1.8945090144979735e-16,
    "std": 1.004618962223618,
    "median": -0.6952526226150489,
    "q1": -0.778638490208308,
    "q3": 0.8172939381986694,
    "IQR": 1.5959324284069774,
    "min": -0.901940740636648,
    "max": 2.6579141491618334
  },
  "raw_ingestion_duration_sec": {
    "n": 109,
    "mean": -3.1575150241632894e-17,
    "std": 1.004618962223618,
    "median": -0.2700540281211684,
    "q1": -0.4000633480113887,
    "q3": 0.16324067820709676,
    "IQR": 0.5633040262184854,
    "min": -0.5389167827102366,
    "max": 9.449176012544134
  },
  "raw_max_trip_end_ts": {
    "n": 109,
    "mean": -1.450623515294631e-14,
    "std": 1.0046189622236184,
    "median": -0.0014324936238669318,
    "q1": -0.8288006793276266,
    "q3": 0.8577575453761912,
    "IQR": 1.6865582247038178,
    "min": -1.7198125716239832,
    "max": 1.7169475843762494
  },
  "raw_null_count_avg_speed": {
    "n": 109,
    "mean": -1.9097873130019894e-17,
    "std": 1.0046189622236181,
    "median": -0.0675223899233879,
    "q1": -0.36153926260112484,
    "q3": -0.02612248557213985,
    "IQR": 0.335416777028985,
    "min": -0.46005127518750494,
    "max": 6.5721320160320325
  },